user_id,group,open,click,purchase
1,A,0,0,0
2,B,1,0,0
3,B,1,0,0
4,B,0,0,0
5,A,0,0,0
6,A,1,0,0
7,B,1,0,0
8,A,1,1,0
9,A,0,0,0
10,A,0,0,0
11,B,0,0,0
12,A,0,0,0
13,B,0,0,0
14,B,0,0,0
15,B,1,0,0
16,A,0,0,0
17,B,0,0,0
18,A,0,0,0
19,B,1,0,0
20,A,0,0,0
21,A,0,0,0
22,B,0,0,0
23,A,0,0,0
24,B,0,0,0
25,B,0,0,0
26,B,1,1,0
27,B,0,0,0
28,A,0,0,0
29,A,1,0,0
30,B,0,0,0
31,B,0,0,0
32,B,0,0,0
33,A,1,0,0
34,B,1,0,0
35,A,0,0,0
36,A,0,0,0
37,A,0,0,0
38,A,1,0,0
39,B,1,1,0
40,B,1,0,0
41,A,0,0,0
42,A,0,0,0
43,B,0,0,0
44,A,0,0,0
45,A,0,0,0
46,A,1,0,0
47,B,0,0,0
48,B,0,0,0
49,B,0,0,0
50,B,1,0,0
51,B,1,1,0
52,B,0,0,0
53,B,1,0,0
54,A,1,0,0
55,B,0,0,0
56,A,0,0,0
57,B,0,0,0
58,A,1,0,0
59,A,0,0,0
60,A,0,0,0
61,B,0,0,0
62,A,0,0,0
63,B,1,0,0
64,B,1,0,0
65,A,0,0,0
66,A,1,0,0
67,B,0,0,0
68,B,1,0,0
69,B,0,0,0
70,A,0,0,0
71,B,0,0,0
72,A,0,0,0
73,B,0,0,0
74,B,1,0,0
75,B,0,0,0
76,B,1,0,0
77,B,0,0,0
78,B,1,0,0
79,B,0,0,0
80,B,0,0,0
81,B,0,0,0
82,B,1,1,0
83,A,1,0,0
84,B,0,0,0
85,B,1,0,0
86,A,1,1,0
87,B,0,0,0
88,A,0,0,0
89,B,0,0,0
90,B,1,1,0
91,A,0,0,0
92,B,0,0,0
93,A,0,0,0
94,A,0,0,0
95,A,0,0,0
96,A,1,0,0
97,B,0,0,0
98,B,1,0,0
99,A,1,1,0
100,A,0,0,0
101,B,0,0,0
102,B,0,0,0
103,A,0,0,0
104,A,0,0,0
105,B,0,0,0
106,B,0,0,0
107,A,0,0,0
108,B,1,0,0
109,A,0,0,0
110,A,0,0,0
111,B,1,0,0
112,B,1,1,0
113,A,1,0,0
114,B,1,0,0
115,A,0,0,0
116,A,0,0,0
117,A,1,0,0
118,B,0,0,0
119,A,0,0,0
120,A,0,0,0
121,A,1,0,0
122,B,0,0,0
123,B,0,0,0
124,A,0,0,0
125,B,0,0,0
126,B,1,0,0
127,B,1,0,0
128,B,0,0,0
129,A,0,0,0
130,B,1,1,0
131,B,1,1,0
132,B,0,0,0
133,B,0,0,0
134,A,0,0,0
135,A,1,1,0
136,A,0,0,0
137,A,0,0,0
138,B,1,1,0
139,A,1,0,0
140,B,0,0,0
141,A,0,0,0
142,A,1,0,0
143,A,0,0,0
144,B,0,0,0
145,B,1,0,0
146,A,0,0,0
147,A,0,0,0
148,B,1,0,0
149,B,0,0,0
150,A,1,0,0
151,B,0,0,0
152,A,1,0,0
153,B,1,0,0
154,A,0,0,0
155,B,0,0,0
156,A,0,0,0
157,A,0,0,0
158,B,0,0,0
159,B,1,0,0
160,B,1,0,0
161,B,1,0,0
162,B,0,0,0
163,B,0,0,0
164,B,0,0,0
165,B,1,0,0
166,B,0,0,0
167,B,1,0,0
168,B,1,1,1
169,B,0,0,0
170,B,0,0,0
171,A,1,0,0
172,A,1,1,0
173,B,0,0,0
174,B,0,0,0
175,B,1,0,0
176,B,0,0,0
177,B,0,0,0
178,B,1,0,0
179,A,0,0,0
180,B,0,0,0
181,B,1,1,0
182,A,0,0,0
183,B,1,0,0
184,B,1,0,0
185,A,0,0,0
186,B,0,0,0
187,A,1,0,0
188,B,1,1,0
189,B,0,0,0
190,B,1,0,0
191,B,1,1,1
192,B,0,0,0
193,A,0,0,0
194,B,0,0,0
195,B,0,0,0
196,A,0,0,0
197,B,0,0,0
198,A,0,0,0
199,B,0,0,0
200,B,1,0,0
201,B,0,0,0
202,B,1,0,0
203,A,0,0,0
204,B,0,0,0
205,A,1,0,0
206,A,0,0,0
207,A,0,0,0
208,B,0,0,0
209,A,0,0,0
210,B,0,0,0
211,A,0,0,0
212,A,1,1,0
213,A,0,0,0
214,A,1,0,0
215,A,0,0,0
216,A,0,0,0
217,B,0,0,0
218,A,1,1,0
219,B,0,0,0
220,B,0,0,0
221,A,0,0,0
222,A,0,0,0
223,B,0,0,0
224,B,1,0,0
225,A,0,0,0
226,A,1,0,0
227,B,0,0,0
228,B,1,0,0
229,B,0,0,0
230,B,0,0,0
231,B,1,0,0
232,B,0,0,0
233,B,0,0,0
234,A,0,0,0
235,B,1,0,0
236,A,0,0,0
237,B,0,0,0
238,B,0,0,0
239,B,0,0,0
240,A,0,0,0
241,B,0,0,0
242,A,0,0,0
243,A,0,0,0
244,A,0,0,0
245,A,0,0,0
246,A,0,0,0
247,B,1,0,0
248,A,1,0,0
249,B,0,0,0
250,B,0,0,0
251,A,0,0,0
252,A,0,0,0
253,B,1,1,0
254,A,0,0,0
255,A,0,0,0
256,B,0,0,0
257,A,0,0,0
258,B,1,0,0
259,A,1,1,0
260,A,0,0,0
261,B,0,0,0
262,A,0,0,0
263,A,0,0,0
264,A,1,0,0
265,A,0,0,0
266,A,1,0,0
267,B,1,0,0
268,A,0,0,0
269,A,1,0,0
270,A,1,0,0
271,B,1,0,0
272,A,0,0,0
273,A,1,0,0
274,B,1,0,0
275,B,0,0,0
276,B,1,0,0
277,A,1,1,0
278,A,1,0,0
279,A,0,0,0
280,A,1,0,0
281,A,1,0,0
282,A,1,0,0
283,A,0,0,0
284,A,1,0,0
285,B,0,0,0
286,A,1,1,0
287,A,0,0,0
288,B,0,0,0
289,B,0,0,0
290,A,0,0,0
291,B,1,1,0
292,B,1,0,0
293,A,0,0,0
294,A,0,0,0
295,B,0,0,0
296,B,0,0,0
297,A,1,0,0
298,A,0,0,0
299,A,0,0,0
300,A,1,0,0
301,B,0,0,0
302,B,0,0,0
303,A,1,0,0
304,A,1,0,0
305,B,0,0,0
306,A,0,0,0
307,B,1,0,0
308,B,0,0,0
309,A,1,1,1
310,B,1,0,0
311,B,0,0,0
312,A,1,0,0
313,B,0,0,0
314,A,1,0,0
315,A,0,0,0
316,B,0,0,0
317,A,0,0,0
318,A,0,0,0
319,B,0,0,0
320,A,0,0,0
321,B,1,0,0
322,A,0,0,0
323,A,1,0,0
324,A,0,0,0
325,A,1,0,0
326,A,1,0,0
327,B,1,0,0
328,B,1,0,0
329,A,1,0,0
330,A,0,0,0
331,B,1,0,0
332,B,1,0,0
333,A,0,0,0
334,A,0,0,0
335,B,1,1,0
336,A,0,0,0
337,A,1,1,0
338,B,1,0,0
339,A,0,0,0
340,A,0,0,0
341,A,0,0,0
342,B,1,0,0
343,A,1,1,0
344,A,0,0,0
345,B,0,0,0
346,B,1,0,0
347,A,0,0,0
348,A,1,1,1
349,B,1,0,0
350,A,0,0,0
351,A,1,1,0
352,A,0,0,0
353,B,0,0,0
354,B,1,1,0
355,B,1,0,0
356,A,1,1,0
357,A,0,0,0
358,A,0,0,0
359,B,0,0,0
360,B,0,0,0
361,A,1,0,0
362,B,1,1,0
363,A,1,1,0
364,A,0,0,0
365,B,0,0,0
366,B,0,0,0
367,A,1,0,0
368,B,0,0,0
369,A,1,0,0
370,B,0,0,0
371,A,0,0,0
372,B,1,0,0
373,B,1,0,0
374,A,1,0,0
375,B,0,0,0
376,B,1,0,0
377,B,0,0,0
378,B,0,0,0
379,B,1,0,0
380,B,1,0,0
381,B,0,0,0
382,A,0,0,0
383,A,0,0,0
384,B,1,0,0
385,A,0,0,0
386,B,1,0,0
387,B,0,0,0
388,B,1,0,0
389,B,1,1,1
390,B,0,0,0
391,A,1,0,0
392,B,0,0,0
393,B,0,0,0
394,A,1,0,0
395,B,0,0,0
396,B,1,0,0
397,B,0,0,0
398,B,0,0,0
399,B,0,0,0
400,A,0,0,0
401,B,0,0,0
402,A,0,0,0
403,A,0,0,0
404,A,0,0,0
405,B,1,0,0
406,A,1,0,0
407,A,0,0,0
408,A,0,0,0
409,A,0,0,0
410,A,0,0,0
411,A,0,0,0
412,A,0,0,0
413,B,0,0,0
414,B,0,0,0
415,B,0,0,0
416,B,0,0,0
417,B,0,0,0
418,B,1,0,0
419,B,1,0,0
420,B,0,0,0
421,B,1,1,0
422,A,0,0,0
423,A,1,0,0
424,A,0,0,0
425,A,0,0,0
426,A,0,0,0
427,B,0,0,0
428,A,0,0,0
429,B,0,0,0
430,B,0,0,0
431,A,1,0,0
432,B,0,0,0
433,A,1,1,0
434,B,0,0,0
435,B,0,0,0
436,A,0,0,0
437,A,0,0,0
438,B,0,0,0
439,B,0,0,0
440,A,0,0,0
441,B,0,0,0
442,B,0,0,0
443,B,0,0,0
444,A,0,0,0
445,A,0,0,0
446,A,1,0,0
447,B,1,1,0
448,A,0,0,0
449,A,0,0,0
450,B,1,0,0
451,B,0,0,0
452,A,0,0,0
453,A,0,0,0
454,A,0,0,0
455,B,1,0,0
456,A,0,0,0
457,B,1,0,0
458,A,0,0,0
459,A,0,0,0
460,A,0,0,0
461,B,0,0,0
462,A,0,0,0
463,A,0,0,0
464,A,0,0,0
465,B,0,0,0
466,A,1,0,0
467,B,0,0,0
468,B,0,0,0
469,B,1,0,0
470,A,0,0,0
471,B,1,1,0
472,A,0,0,0
473,B,0,0,0
474,B,1,1,0
475,A,0,0,0
476,B,0,0,0
477,B,1,0,0
478,B,0,0,0
479,B,0,0,0
480,A,0,0,0
481,A,0,0,0
482,B,0,0,0
483,A,0,0,0
484,A,0,0,0
485,A,0,0,0
486,A,0,0,0
487,B,0,0,0
488,A,0,0,0
489,A,0,0,0
490,B,0,0,0
491,B,0,0,0
492,B,0,0,0
493,A,1,0,0
494,B,1,0,0
495,A,1,0,0
496,A,0,0,0
497,A,0,0,0
498,B,0,0,0
499,B,0,0,0
500,A,1,1,1
